INSERT INTO genres(name)
VALUES('Jazz')

INSERT INTO artists(name)
VALUES('Frank Sinatra')

INSERT INTO artists(name)
VALUES('Louis Armstrong')

INSERT INTO artists_genres(artist, genre)
VALUES(1, 1)

INSERT INTO artists_genres(artist, genre)
VALUES(2, 1)

INSERT INTO albums(name, year)
VALUES('My Way', 2013)

INSERT INTO albums(name, year)
VALUES('No One Cares', 1959)

INSERT INTO albums_artists(artist, album)
VALUES(1, 1)

INSERT INTO albums_artists(artist, album)
VALUES(1, 2)

INSERT INTO albums(name, year)
VALUES('All Time Greatest Hits', 1994)

INSERT INTO albums(name, year)
VALUES('Greatest Hits', 1967)

INSERT INTO albums_artists(artist, album)
VALUES(2, 3)

INSERT INTO albums_artists(artist, album)
VALUES(2, 4)

INSERT INTO tracks(album, name, length)
VALUES(1, 'Yesterday', '00:03:36')

INSERT INTO tracks(album, name, length)
VALUES(1, 'My Way', '00:04:38')

INSERT INTO tracks(album, name, length)
VALUES(2, 'Just Friends', '00:03:42')

INSERT INTO tracks(album, name, length)
VALUES(2, 'Where Do You Go?', '00:02:35')

INSERT INTO tracks(album, name, length)
VALUES(3, 'Hello Dolly', '00:02:25')

INSERT INTO tracks(album, name, length)
VALUES(3, 'I Still Get Jealous', '00:02:10')

INSERT INTO tracks(album, name, length)
VALUES(4, 'Cabaret', '00:02:45')

INSERT INTO tracks(album, name, length)
VALUES(4, 'Indiana', '00:04:18')



INSERT INTO genres(name)
VALUES('Rock')

INSERT INTO artists(name)
VALUES('DDT')

INSERT INTO artists(name)
VALUES('ARIA')

INSERT INTO artists_genres(artist, genre)
VALUES(3, 2)

INSERT INTO artists_genres(artist, genre)
VALUES(4, 2)

INSERT INTO albums(name, year)
VALUES('Galya go', 2018)

INSERT INTO albums(name, year)
VALUES('Creativity in the Void', 2021)

INSERT INTO albums_artists(artist, album)
VALUES(3, 5)

INSERT INTO albums_artists(artist, album)
VALUES(3, 6)

INSERT INTO albums(name, year)
VALUES('Chimera', 2001)

INSERT INTO albums(name, year)
VALUES('Baptism of Fire', 2003)

INSERT INTO albums_artists(artist, album)
VALUES(4, 7)

INSERT INTO albums_artists(artist, album)
VALUES(4, 8)

INSERT INTO tracks(album, name, length)
VALUES(5, 'If', '00:04:31')

INSERT INTO tracks(id, album, name, length)
VALUES(10, 5, 'Tea', '00:03:26')

INSERT INTO tracks(id, album, name, length)
VALUES(11, 6, 'On the brink', '00:03:38')

INSERT INTO tracks(id, album, name, length)
VALUES(12, 6, 'The sun will rise', '00:03:59')

INSERT INTO tracks(id, album, name, length)
VALUES(13, 7, 'Chimera', '00:05:01')

INSERT INTO tracks(id, album, name, length)
VALUES(14, 7, 'A shard of ice', '00:05:25')

INSERT INTO tracks(id, album, name, length)
VALUES(15, 8, 'Patriot', '00:04:21')

INSERT INTO tracks(id, album, name, length)
VALUES(16, 8, 'White Flag', '00:04:44')



INSERT INTO genres(name)
VALUES('Country')

INSERT INTO artists(name)
VALUES('Keith Urban')

INSERT INTO artists(name)
VALUES('Taylor Swift')

INSERT INTO artists_genres(artist, genre)
VALUES(5, 3)

INSERT INTO artists_genres(artist, genre)
VALUES(6, 3)

INSERT INTO albums(name, year)
VALUES('Ripcord', 2016)

INSERT INTO albums(name, year)
VALUES('The Speed of Now Part 1', 2020)

INSERT INTO albums_artists(artist, album)
VALUES(5, 9)

INSERT INTO albums_artists(artist, album)
VALUES(5, 10)

INSERT INTO albums(name, year)
VALUES('folklore', 2020)

INSERT INTO albums(name, year)
VALUES('Spotify Singles', 2018)

INSERT INTO albums_artists(artist, album)
VALUES(6, 11)

INSERT INTO albums_artists(artist, album)
VALUES(6, 12)

INSERT INTO tracks(id, album, name, length)
VALUES(17, 9, 'Habit of You', '00:03:44')

INSERT INTO tracks(id, album, name, length)
VALUES(18, 9, 'Your Body', '00:02:45')

INSERT INTO tracks(id, album, name, length)
VALUES(19, 10, 'Live With', '00:03:18')

INSERT INTO tracks(id, album, name, length)
VALUES(20, 10, 'Better Than I Am', '00:04:31')

INSERT INTO tracks(id, album, name, length)
VALUES(21, 11, 'exile', '00:04:57')

INSERT INTO tracks(id, album, name, length)
VALUES(22, 11, 'the lakes', '00:03:31')

INSERT INTO tracks(id, album, name, length)
VALUES(23, 12, 'Delicate', '00:03:48')

INSERT INTO tracks(id, album, name, length)
VALUES(24, 12, 'September', '00:03:07')



INSERT INTO genres(name)
VALUES('Pop')

INSERT INTO artists(name)
VALUES('Britney Spears')

INSERT INTO artists(name)
VALUES('Lady Gaga')

INSERT INTO artists_genres(artist, genre)
VALUES(7, 4)

INSERT INTO artists_genres(artist, genre)
VALUES(8, 4)

INSERT INTO albums(name, year)
VALUES('Glory', 2016)

INSERT INTO albums(name, year)
VALUES('Ooh La La', 2013)

INSERT INTO albums_artists(artist, album)
VALUES(7, 13)

INSERT INTO albums_artists(artist, album)
VALUES(7, 14)

INSERT INTO albums(name, year)
VALUES('Born This Way', 2011)

INSERT INTO albums(name, year)
VALUES('The Fame Kingdom', 2010)

INSERT INTO albums_artists(artist, album)
VALUES(8, 15)

INSERT INTO albums_artists(artist, album)
VALUES(8, 16)

INSERT INTO tracks(id, album, name, length)
VALUES(25, 13, 'Just Luv Me', '00:04:01')

INSERT INTO tracks(id, album, name, length)
VALUES(26, 13, 'Liar', '00:03:16')

INSERT INTO tracks(id, album, name, length)
VALUES(27, 14, 'Ooh La La', '00:04:17')

INSERT INTO tracks(id, album, name, length)
VALUES(28, 14, 'Vacation', '00:03:33')

INSERT INTO tracks(id, album, name, length)
VALUES(29, 15, 'Hair', '00:05:07')

INSERT INTO tracks(id, album, name, length)
VALUES(30, 15, 'Electric Chapel', '00:04:13')

INSERT INTO tracks(id, album, name, length)
VALUES(31, 16, 'Paparazzi', '00:03:27')

INSERT INTO tracks(id, album, name, length)
VALUES(32, 16, 'Summerboy', '00:04:15')



INSERT INTO genres(name)
VALUES('Ethnic')

INSERT INTO artists(name)
VALUES('Enya')

INSERT INTO artists(name)
VALUES('Cmon Tigre')

INSERT INTO artists_genres(artist, genre)
VALUES(9, 5)

INSERT INTO artists_genres(artist, genre)
VALUES(10, 5)

INSERT INTO albums(name, year)
VALUES('Paint the Sky with Stars', 2007)

INSERT INTO albums(name, year)
VALUES('Dark Sky Island', 2015)

INSERT INTO albums_artists(artist, album)
VALUES(9, 17)

INSERT INTO albums_artists(artist, album)
VALUES(9, 18)

INSERT INTO albums(name, year)
VALUES('Racines', 2019)

INSERT INTO albums(name, year)
VALUES('Guide to Poison Tasting', 2018)

INSERT INTO albums_artists(artist, album)
VALUES(10, 19)

INSERT INTO albums_artists(artist, album)
VALUES(10, 20)

INSERT INTO tracks(id, album, name, length)
VALUES(33, 17, 'Orinoco Flow', '00:04:27')

INSERT INTO tracks(id, album, name, length)
VALUES(34, 17, 'Watermark', '00:02:12')

INSERT INTO tracks(id, album, name, length)
VALUES(35, 18, 'Sancta Maria', '00:03:51')

INSERT INTO tracks(id, album, name, length)
VALUES(36, 18, 'Astra et Luna', '00:03:21')

INSERT INTO tracks(id, album, name, length)
VALUES(37, 19, 'Underground Lovers', '00:04:30')

INSERT INTO tracks(id, album, name, length)
VALUES(38, 19, 'Quantum of the Air', '00:02:26')

INSERT INTO tracks(id, album, name, length)
VALUES(39, 20, 'Guide to Poison Tasting', '00:04:56')



INSERT INTO collections(id, name, year)
VALUES(1, 'first', 1959)

INSERT INTO collections_tracks(collection, track)
VALUES(1, 3)
	
INSERT INTO collections_tracks(collection, track)
VALUES(1, 4)

INSERT INTO collections_tracks(collection, track)
VALUES(1, 7)

INSERT INTO collections_tracks(collection, track)
VALUES(1, 8)


INSERT INTO collections(id, name, year)
VALUES(2, 'second', 1994)
	
INSERT INTO collections_tracks(collection, track)
VALUES(2, 5)

INSERT INTO collections_tracks(collection, track)
VALUES(2, 6)


INSERT INTO collections(id, name, year)
VALUES(3, 'third', 2001)

INSERT INTO collections_tracks(collection, track)
VALUES(3, 13)

INSERT INTO collections_tracks(collection, track)
VALUES(3, 14)

INSERT INTO collections_tracks(collection, track)
VALUES(3, 15)

INSERT INTO collections_tracks(collection, track)
VALUES(3, 16)


INSERT INTO collections(id, name, year)
VALUES(4, 'fourth', 2013)

INSERT INTO collections_tracks(collection, track)
VALUES(4, 27)

INSERT INTO collections_tracks(collection, track)
VALUES(4, 28)


INSERT INTO collections(id, name, year)
VALUES(5, 'fifth', 2016)

INSERT INTO collections_tracks(collection, track)
VALUES(5, 17)

INSERT INTO collections_tracks(collection, track)
VALUES(5, 18)

INSERT INTO collections_tracks(collection, track)
VALUES(5, 25)

INSERT INTO collections_tracks(collection, track)
VALUES(5, 26)


INSERT INTO collections(id, name, year)
VALUES(6, 'sixth', 2018)

INSERT INTO collections_tracks(collection, track)
VALUES(6, 9)

INSERT INTO collections_tracks(collection, track)
VALUES(6, 10)

INSERT INTO collections_tracks(collection, track)
VALUES(6, 23)

INSERT INTO collections_tracks(collection, track)
VALUES(6, 24)

INSERT INTO collections_tracks(collection, track)
VALUES(6, 39)


INSERT INTO collections(id, name, year)
VALUES(7, 'seventh', 2019)

INSERT INTO collections_tracks(collection, track)
VALUES(7, 37)

INSERT INTO collections_tracks(collection, track)
VALUES(7, 38)
	

INSERT INTO collections(id, name, year)
VALUES(8, 'eighth', 2020)

INSERT INTO collections_tracks(collection, track)
VALUES(8, 19)

INSERT INTO collections_tracks(collection, track)
VALUES(8, 20)

INSERT INTO collections_tracks(collection, track)
VALUES(8, 21)

INSERT INTO collections_tracks(collection, track)
VALUES(8, 22)

